﻿<?xml version="1.0" encoding="utf-8"?>
<Symbolconfiguration xmlns="http://www.3s-software.com/schemas/Symbolconfiguration.xsd">
  <Header>
    <Version>3.5.11.0</Version>
    <SymbolConfigObject version="3.5.11.10" runtimeid="3.5.11.40" libversion="3.5.11.0" compiler="3.5.11.40" lmm="3.5.11.40" profile="CODESYS V3.5 SP11 Patch 4+" settings="LayoutCalculator=OptimizedClientSideLayoutCalculator" />
    <ProjectInfo name="TP2_INF_IND_RENAN_JULIA" devicename="Device" appname="Application" />
  </Header>
  <TypeList>
    <TypeSimple name="T_BOOL" size="1" swapsize="0" typeclass="Bool" iecname="BOOL" />
    <TypeSimple name="T_INT" size="2" swapsize="2" typeclass="Int" iecname="INT" />
    <TypeSimple name="T_REAL" size="4" swapsize="4" typeclass="Real" iecname="REAL" />
  </TypeList>
  <NodeList>
    <Node name="Application">
      <Node name="Main">
        <Node name="ALARME_ALIMENTADOR_MOEGA1_CHEIO" type="T_BOOL" access="ReadWrite" />
        <Node name="ALARME_ALIMENTADOR_MOEGA1_VAZIO" type="T_BOOL" access="ReadWrite" />
        <Node name="ALARME_ALIMENTADOR_MOEGA2_CHEIO" type="T_BOOL" access="ReadWrite" />
        <Node name="ALARME_ALIMENTADOR_MOEGA2_VAZIO" type="T_BOOL" access="ReadWrite" />
        <Node name="ALARME_ALIMENTADOR_MOEGA_VAZIO" type="T_BOOL" access="ReadWrite" />
        <Node name="ALARME_ALIMENTADOR_SAIDA" type="T_BOOL" access="ReadWrite" />
        <Node name="ALARME_CARREGAMENTO" type="T_BOOL" access="Read" />
        <Node name="ALARME_DESCARREGAMENTO" type="T_BOOL" access="Read" />
        <Node name="ALARME_MOEGA_PESAGEM" type="T_BOOL" access="ReadWrite" />
        <Node name="ALARME_TRANSPORTADOR_ENTRADA_CHEIO" type="T_BOOL" access="ReadWrite" />
        <Node name="ALARME_TRANSPORTADOR_ENTRADA_VAZIO" type="T_BOOL" access="ReadWrite" />
        <Node name="ALARME_TRANSPORTADOR_SAIDA_ALIMENTADOR" type="T_BOOL" access="ReadWrite" />
        <Node name="ALARME_TRANSPORTADOR_SAIDA_VAZIO" type="T_BOOL" access="ReadWrite" />
        <Node name="ALIMENTADOR_MOEGA1_ON" type="T_BOOL" access="Read" />
        <Node name="ALIMENTADOR_MOEGA2_ON" type="T_BOOL" access="Read" />
        <Node name="ALIMENTADOR_SAIDA_ON" type="T_BOOL" access="ReadWrite" />
        <Node name="CAMINHAO_POSICIONADO" type="T_BOOL" access="ReadWrite" />
        <Node name="CAPACIDADE_CAMINHAO" type="T_REAL" access="Write" />
        <Node name="CAPACIDADE_VAGAO" type="T_REAL" access="Write" />
        <Node name="CMD_INICIAR_CARREGAMENTO" type="T_BOOL" access="Write" />
        <Node name="CMD_INICIAR_DESCARREGAMENTO" type="T_BOOL" access="Write" />
        <Node name="CMD_MANUAL_ALIMENTADOR_MOEGA1_ON" type="T_BOOL" access="Write" />
        <Node name="CMD_MANUAL_ALIMENTADOR_MOEGA2_ON" type="T_BOOL" access="Write" />
        <Node name="CMD_MANUAL_ALIMENTADOR_SAIDA_ON" type="T_BOOL" access="Write" />
        <Node name="CMD_MANUAL_DESVIADOR_MANGUEIRA" type="T_INT" access="ReadWrite" />
        <Node name="CMD_MANUAL_MOEGA_PESAGEM_ON" type="T_BOOL" access="Write" />
        <Node name="CMD_MANUAL_TRANSPORTADOR_ENTRADA_ON" type="T_BOOL" access="Write" />
        <Node name="CMD_MANUAL_TRANSPORTADOR_SAIDA_ON" type="T_BOOL" access="Write" />
        <Node name="CMD_MANUAL_VENTILACAO_SILO1" type="T_BOOL" access="Write" />
        <Node name="CMD_MANUAL_VENTILACAO_SILO2" type="T_BOOL" access="Write" />
        <Node name="DESVIADOR_MANGUEIRA" type="T_INT" access="ReadWrite" />
        <Node name="Modo_Automatico_Carregamento" type="T_BOOL" access="ReadWrite" />
        <Node name="Modo_Automatico_Descarregamento" type="T_BOOL" access="ReadWrite" />
        <Node name="MOEGA_PESAGEM_ON" type="T_BOOL" access="Read" />
        <Node name="NIVEL_ALTO_SILO1" type="T_BOOL" access="Read" />
        <Node name="NIVEL_ALTO_SILO2" type="T_BOOL" access="Read" />
        <Node name="NIVEL_BAIXO_SILO1" type="T_BOOL" access="Read" />
        <Node name="NIVEL_BAIXO_SILO2" type="T_BOOL" access="Read" />
        <Node name="PESO_MOEGA" type="T_REAL" access="Read" />
        <Node name="PESO_SILO1" type="T_REAL" access="Read" />
        <Node name="PESO_SILO2" type="T_REAL" access="Read" />
        <Node name="TRANSPORTADOR_ENTRADA_ON" type="T_BOOL" access="Read" />
        <Node name="TRANSPORTADOR_SAIDA_ON" type="T_BOOL" access="Read" />
        <Node name="VAGAO_POSICIONADO" type="T_BOOL" access="Write" />
        <Node name="VENTILACAO_SILO1" type="T_BOOL" access="Read" />
        <Node name="VENTILACAO_SILO2" type="T_BOOL" access="Read" />
      </Node>
    </Node>
  </NodeList>
</Symbolconfiguration>